<?xml version="1.0" encoding="UTF-8"?><?xml-stylesheet type='text/xsl' href='_UpgradeReport_Files/UpgradeReport.xslt'?><UpgradeLog>
<Properties><Property Name="Solution" Value="SalesInventorySystem">
</Property><Property Name="Solution File" Value="C:\Users\isuru\Desktop\New folder (2)\vb6\salesinventorysystem\SalesInventorySystem\SalesInventorySystem.sln">
</Property><Property Name="User Options File" Value="C:\Users\isuru\Desktop\New folder (2)\vb6\salesinventorysystem\SalesInventorySystem\SalesInventorySystem.suo">
</Property><Property Name="Date" Value="Tuesday, AUGUST 17, 2021">
</Property><Property Name="Time" Value="10:37 AM">
</Property></Properties><Event ErrorLevel="0" Project="" Source="SalesInventorySystem.sln" Description="File successfully backed up as C:\Users\isuru\Desktop\New folder (2)\vb6\salesinventorysystem\SalesInventorySystem\Backup\SalesInventorySystem.sln">
</Event><Event ErrorLevel="0" Project="" Source="SalesInventorySystem.suo" Description="File successfully backed up as C:\Users\isuru\Desktop\New folder (2)\vb6\salesinventorysystem\SalesInventorySystem\Backup\SalesInventorySystem.suo">
</Event><Event ErrorLevel="0" Project="SalesInventorySystem" Source="SalesInventorySystem\SalesInventorySystem.vbproj" Description="Project file successfully backed up as C:\Users\isuru\Desktop\New folder (2)\vb6\salesinventorysystem\SalesInventorySystem\Backup\SalesInventorySystem\SalesInventorySystem.vbproj">
</Event><Event ErrorLevel="0" Project="SalesInventorySystem" Source="SalesInventorySystem\SalesInventorySystem.vbproj.user" Description="Project user file successfully backed up as C:\Users\isuru\Desktop\New folder (2)\vb6\salesinventorysystem\SalesInventorySystem\Backup\SalesInventorySystem\SalesInventorySystem.vbproj.user">
</Event><Event ErrorLevel="0" Project="SalesInventorySystem" Source="SalesInventorySystem\frmAvailableStocks.Designer.vb" Description="File successfully backed up as C:\Users\isuru\Desktop\New folder (2)\vb6\salesinventorysystem\SalesInventorySystem\Backup\SalesInventorySystem\frmAvailableStocks.Designer.vb">
</Event><Event ErrorLevel="0" Project="SalesInventorySystem" Source="SalesInventorySystem\frmAvailableStocks.vb" Description="File successfully backed up as C:\Users\isuru\Desktop\New folder (2)\vb6\salesinventorysystem\SalesInventorySystem\Backup\SalesInventorySystem\frmAvailableStocks.vb">
</Event><Event ErrorLevel="0" Project="SalesInventorySystem" Source="SalesInventorySystem\frmCustomer.Designer.vb" Description="File successfully backed up as C:\Users\isuru\Desktop\New folder (2)\vb6\salesinventorysystem\SalesInventorySystem\Backup\SalesInventorySystem\frmCustomer.Designer.vb">
</Event><Event ErrorLevel="0" Project="SalesInventorySystem" Source="SalesInventorySystem\frmCustomer.vb" Description="File successfully backed up as C:\Users\isuru\Desktop\New folder (2)\vb6\salesinventorysystem\SalesInventorySystem\Backup\SalesInventorySystem\frmCustomer.vb">
</Event><Event ErrorLevel="0" Project="SalesInventorySystem" Source="SalesInventorySystem\frmItem.Designer.vb" Description="File successfully backed up as C:\Users\isuru\Desktop\New folder (2)\vb6\salesinventorysystem\SalesInventorySystem\Backup\SalesInventorySystem\frmItem.Designer.vb">
</Event><Event ErrorLevel="0" Project="SalesInventorySystem" Source="SalesInventorySystem\frmItem.vb" Description="File successfully backed up as C:\Users\isuru\Desktop\New folder (2)\vb6\salesinventorysystem\SalesInventorySystem\Backup\SalesInventorySystem\frmItem.vb">
</Event><Event ErrorLevel="0" Project="SalesInventorySystem" Source="SalesInventorySystem\frmLoadCustomer.Designer.vb" Description="File successfully backed up as C:\Users\isuru\Desktop\New folder (2)\vb6\salesinventorysystem\SalesInventorySystem\Backup\SalesInventorySystem\frmLoadCustomer.Designer.vb">
</Event><Event ErrorLevel="0" Project="SalesInventorySystem" Source="SalesInventorySystem\frmLoadCustomer.vb" Description="File successfully backed up as C:\Users\isuru\Desktop\New folder (2)\vb6\salesinventorysystem\SalesInventorySystem\Backup\SalesInventorySystem\frmLoadCustomer.vb">
</Event><Event ErrorLevel="0" Project="SalesInventorySystem" Source="SalesInventorySystem\frmLoadItem.Designer.vb" Description="File successfully backed up as C:\Users\isuru\Desktop\New folder (2)\vb6\salesinventorysystem\SalesInventorySystem\Backup\SalesInventorySystem\frmLoadItem.Designer.vb">
</Event><Event ErrorLevel="0" Project="SalesInventorySystem" Source="SalesInventorySystem\frmLoadItem.vb" Description="File successfully backed up as C:\Users\isuru\Desktop\New folder (2)\vb6\salesinventorysystem\SalesInventorySystem\Backup\SalesInventorySystem\frmLoadItem.vb">
</Event><Event ErrorLevel="0" Project="SalesInventorySystem" Source="SalesInventorySystem\frmLoadStaff.Designer.vb" Description="File successfully backed up as C:\Users\isuru\Desktop\New folder (2)\vb6\salesinventorysystem\SalesInventorySystem\Backup\SalesInventorySystem\frmLoadStaff.Designer.vb">
</Event><Event ErrorLevel="0" Project="SalesInventorySystem" Source="SalesInventorySystem\frmLoadStaff.vb" Description="File successfully backed up as C:\Users\isuru\Desktop\New folder (2)\vb6\salesinventorysystem\SalesInventorySystem\Backup\SalesInventorySystem\frmLoadStaff.vb">
</Event><Event ErrorLevel="0" Project="SalesInventorySystem" Source="SalesInventorySystem\frmLogin.Designer.vb" Description="File successfully backed up as C:\Users\isuru\Desktop\New folder (2)\vb6\salesinventorysystem\SalesInventorySystem\Backup\SalesInventorySystem\frmLogin.Designer.vb">
</Event><Event ErrorLevel="0" Project="SalesInventorySystem" Source="SalesInventorySystem\frmLogin.vb" Description="File successfully backed up as C:\Users\isuru\Desktop\New folder (2)\vb6\salesinventorysystem\SalesInventorySystem\Backup\SalesInventorySystem\frmLogin.vb">
</Event><Event ErrorLevel="0" Project="SalesInventorySystem" Source="SalesInventorySystem\frmMain.vb" Description="File successfully backed up as C:\Users\isuru\Desktop\New folder (2)\vb6\salesinventorysystem\SalesInventorySystem\Backup\SalesInventorySystem\frmMain.vb">
</Event><Event ErrorLevel="0" Project="SalesInventorySystem" Source="SalesInventorySystem\frmMain.Designer.vb" Description="File successfully backed up as C:\Users\isuru\Desktop\New folder (2)\vb6\salesinventorysystem\SalesInventorySystem\Backup\SalesInventorySystem\frmMain.Designer.vb">
</Event><Event ErrorLevel="0" Project="SalesInventorySystem" Source="SalesInventorySystem\frmPayment.Designer.vb" Description="File successfully backed up as C:\Users\isuru\Desktop\New folder (2)\vb6\salesinventorysystem\SalesInventorySystem\Backup\SalesInventorySystem\frmPayment.Designer.vb">
</Event><Event ErrorLevel="0" Project="SalesInventorySystem" Source="SalesInventorySystem\frmPayment.vb" Description="File successfully backed up as C:\Users\isuru\Desktop\New folder (2)\vb6\salesinventorysystem\SalesInventorySystem\Backup\SalesInventorySystem\frmPayment.vb">
</Event><Event ErrorLevel="0" Project="SalesInventorySystem" Source="SalesInventorySystem\frmPOS.Designer.vb" Description="File successfully backed up as C:\Users\isuru\Desktop\New folder (2)\vb6\salesinventorysystem\SalesInventorySystem\Backup\SalesInventorySystem\frmPOS.Designer.vb">
</Event><Event ErrorLevel="0" Project="SalesInventorySystem" Source="SalesInventorySystem\frmPOS.vb" Description="File successfully backed up as C:\Users\isuru\Desktop\New folder (2)\vb6\salesinventorysystem\SalesInventorySystem\Backup\SalesInventorySystem\frmPOS.vb">
</Event><Event ErrorLevel="0" Project="SalesInventorySystem" Source="SalesInventorySystem\frmPrintAvailableStocks.Designer.vb" Description="File successfully backed up as C:\Users\isuru\Desktop\New folder (2)\vb6\salesinventorysystem\SalesInventorySystem\Backup\SalesInventorySystem\frmPrintAvailableStocks.Designer.vb">
</Event><Event ErrorLevel="0" Project="SalesInventorySystem" Source="SalesInventorySystem\frmPrintAvailableStocks.vb" Description="File successfully backed up as C:\Users\isuru\Desktop\New folder (2)\vb6\salesinventorysystem\SalesInventorySystem\Backup\SalesInventorySystem\frmPrintAvailableStocks.vb">
</Event><Event ErrorLevel="0" Project="SalesInventorySystem" Source="SalesInventorySystem\frmPrintReceipt.Designer.vb" Description="File successfully backed up as C:\Users\isuru\Desktop\New folder (2)\vb6\salesinventorysystem\SalesInventorySystem\Backup\SalesInventorySystem\frmPrintReceipt.Designer.vb">
</Event><Event ErrorLevel="0" Project="SalesInventorySystem" Source="SalesInventorySystem\frmPrintReceipt.vb" Description="File successfully backed up as C:\Users\isuru\Desktop\New folder (2)\vb6\salesinventorysystem\SalesInventorySystem\Backup\SalesInventorySystem\frmPrintReceipt.vb">
</Event><Event ErrorLevel="0" Project="SalesInventorySystem" Source="SalesInventorySystem\frmReportSoldItems.Designer.vb" Description="File successfully backed up as C:\Users\isuru\Desktop\New folder (2)\vb6\salesinventorysystem\SalesInventorySystem\Backup\SalesInventorySystem\frmReportSoldItems.Designer.vb">
</Event><Event ErrorLevel="0" Project="SalesInventorySystem" Source="SalesInventorySystem\frmReportSoldItems.vb" Description="File successfully backed up as C:\Users\isuru\Desktop\New folder (2)\vb6\salesinventorysystem\SalesInventorySystem\Backup\SalesInventorySystem\frmReportSoldItems.vb">
</Event><Event ErrorLevel="0" Project="SalesInventorySystem" Source="SalesInventorySystem\frmReportSoldItemsPrint.Designer.vb" Description="File successfully backed up as C:\Users\isuru\Desktop\New folder (2)\vb6\salesinventorysystem\SalesInventorySystem\Backup\SalesInventorySystem\frmReportSoldItemsPrint.Designer.vb">
</Event><Event ErrorLevel="0" Project="SalesInventorySystem" Source="SalesInventorySystem\frmReportSoldItemsPrint.vb" Description="File successfully backed up as C:\Users\isuru\Desktop\New folder (2)\vb6\salesinventorysystem\SalesInventorySystem\Backup\SalesInventorySystem\frmReportSoldItemsPrint.vb">
</Event><Event ErrorLevel="0" Project="SalesInventorySystem" Source="SalesInventorySystem\frmReportStocksIn.Designer.vb" Description="File successfully backed up as C:\Users\isuru\Desktop\New folder (2)\vb6\salesinventorysystem\SalesInventorySystem\Backup\SalesInventorySystem\frmReportStocksIn.Designer.vb">
</Event><Event ErrorLevel="0" Project="SalesInventorySystem" Source="SalesInventorySystem\frmReportStocksIn.vb" Description="File successfully backed up as C:\Users\isuru\Desktop\New folder (2)\vb6\salesinventorysystem\SalesInventorySystem\Backup\SalesInventorySystem\frmReportStocksIn.vb">
</Event><Event ErrorLevel="0" Project="SalesInventorySystem" Source="SalesInventorySystem\frmReportStocksInPrint.Designer.vb" Description="File successfully backed up as C:\Users\isuru\Desktop\New folder (2)\vb6\salesinventorysystem\SalesInventorySystem\Backup\SalesInventorySystem\frmReportStocksInPrint.Designer.vb">
</Event><Event ErrorLevel="0" Project="SalesInventorySystem" Source="SalesInventorySystem\frmReportStocksInPrint.vb" Description="File successfully backed up as C:\Users\isuru\Desktop\New folder (2)\vb6\salesinventorysystem\SalesInventorySystem\Backup\SalesInventorySystem\frmReportStocksInPrint.vb">
</Event><Event ErrorLevel="0" Project="SalesInventorySystem" Source="SalesInventorySystem\frmSoldItems.Designer.vb" Description="File successfully backed up as C:\Users\isuru\Desktop\New folder (2)\vb6\salesinventorysystem\SalesInventorySystem\Backup\SalesInventorySystem\frmSoldItems.Designer.vb">
</Event><Event ErrorLevel="0" Project="SalesInventorySystem" Source="SalesInventorySystem\frmSoldItems.vb" Description="File successfully backed up as C:\Users\isuru\Desktop\New folder (2)\vb6\salesinventorysystem\SalesInventorySystem\Backup\SalesInventorySystem\frmSoldItems.vb">
</Event><Event ErrorLevel="0" Project="SalesInventorySystem" Source="SalesInventorySystem\frmStaff.Designer.vb" Description="File successfully backed up as C:\Users\isuru\Desktop\New folder (2)\vb6\salesinventorysystem\SalesInventorySystem\Backup\SalesInventorySystem\frmStaff.Designer.vb">
</Event><Event ErrorLevel="0" Project="SalesInventorySystem" Source="SalesInventorySystem\frmStaff.vb" Description="File successfully backed up as C:\Users\isuru\Desktop\New folder (2)\vb6\salesinventorysystem\SalesInventorySystem\Backup\SalesInventorySystem\frmStaff.vb">
</Event><Event ErrorLevel="0" Project="SalesInventorySystem" Source="SalesInventorySystem\frmUsers.designer.vb" Description="File successfully backed up as C:\Users\isuru\Desktop\New folder (2)\vb6\salesinventorysystem\SalesInventorySystem\Backup\SalesInventorySystem\frmUsers.designer.vb">
</Event><Event ErrorLevel="0" Project="SalesInventorySystem" Source="SalesInventorySystem\frmUsers.vb" Description="File successfully backed up as C:\Users\isuru\Desktop\New folder (2)\vb6\salesinventorysystem\SalesInventorySystem\Backup\SalesInventorySystem\frmUsers.vb">
</Event><Event ErrorLevel="0" Project="SalesInventorySystem" Source="SalesInventorySystem\ModConVar.vb" Description="File successfully backed up as C:\Users\isuru\Desktop\New folder (2)\vb6\salesinventorysystem\SalesInventorySystem\Backup\SalesInventorySystem\ModConVar.vb">
</Event><Event ErrorLevel="0" Project="SalesInventorySystem" Source="SalesInventorySystem\My Project\AssemblyInfo.vb" Description="File successfully backed up as C:\Users\isuru\Desktop\New folder (2)\vb6\salesinventorysystem\SalesInventorySystem\Backup\SalesInventorySystem\My Project\AssemblyInfo.vb">
</Event><Event ErrorLevel="0" Project="SalesInventorySystem" Source="SalesInventorySystem\My Project\Application.Designer.vb" Description="File successfully backed up as C:\Users\isuru\Desktop\New folder (2)\vb6\salesinventorysystem\SalesInventorySystem\Backup\SalesInventorySystem\My Project\Application.Designer.vb">
</Event><Event ErrorLevel="0" Project="SalesInventorySystem" Source="SalesInventorySystem\My Project\Resources.Designer.vb" Description="File successfully backed up as C:\Users\isuru\Desktop\New folder (2)\vb6\salesinventorysystem\SalesInventorySystem\Backup\SalesInventorySystem\My Project\Resources.Designer.vb">
</Event><Event ErrorLevel="0" Project="SalesInventorySystem" Source="SalesInventorySystem\My Project\Settings.Designer.vb" Description="File successfully backed up as C:\Users\isuru\Desktop\New folder (2)\vb6\salesinventorysystem\SalesInventorySystem\Backup\SalesInventorySystem\My Project\Settings.Designer.vb">
</Event><Event ErrorLevel="0" Project="SalesInventorySystem" Source="SalesInventorySystem\My Project\Application.myapp" Description="File successfully backed up as C:\Users\isuru\Desktop\New folder (2)\vb6\salesinventorysystem\SalesInventorySystem\Backup\SalesInventorySystem\My Project\Application.myapp">
</Event><Event ErrorLevel="0" Project="SalesInventorySystem" Source="SalesInventorySystem\My Project\Settings.settings" Description="File successfully backed up as C:\Users\isuru\Desktop\New folder (2)\vb6\salesinventorysystem\SalesInventorySystem\Backup\SalesInventorySystem\My Project\Settings.settings">
</Event><Event ErrorLevel="0" Project="SalesInventorySystem" Source="SalesInventorySystem\frmAvailableStocks.resx" Description="File successfully backed up as C:\Users\isuru\Desktop\New folder (2)\vb6\salesinventorysystem\SalesInventorySystem\Backup\SalesInventorySystem\frmAvailableStocks.resx">
</Event><Event ErrorLevel="0" Project="SalesInventorySystem" Source="SalesInventorySystem\frmCustomer.resx" Description="File successfully backed up as C:\Users\isuru\Desktop\New folder (2)\vb6\salesinventorysystem\SalesInventorySystem\Backup\SalesInventorySystem\frmCustomer.resx">
</Event><Event ErrorLevel="0" Project="SalesInventorySystem" Source="SalesInventorySystem\frmItem.resx" Description="File successfully backed up as C:\Users\isuru\Desktop\New folder (2)\vb6\salesinventorysystem\SalesInventorySystem\Backup\SalesInventorySystem\frmItem.resx">
</Event><Event ErrorLevel="0" Project="SalesInventorySystem" Source="SalesInventorySystem\frmLoadCustomer.resx" Description="File successfully backed up as C:\Users\isuru\Desktop\New folder (2)\vb6\salesinventorysystem\SalesInventorySystem\Backup\SalesInventorySystem\frmLoadCustomer.resx">
</Event><Event ErrorLevel="0" Project="SalesInventorySystem" Source="SalesInventorySystem\frmLoadItem.resx" Description="File successfully backed up as C:\Users\isuru\Desktop\New folder (2)\vb6\salesinventorysystem\SalesInventorySystem\Backup\SalesInventorySystem\frmLoadItem.resx">
</Event><Event ErrorLevel="0" Project="SalesInventorySystem" Source="SalesInventorySystem\frmLoadStaff.resx" Description="File successfully backed up as C:\Users\isuru\Desktop\New folder (2)\vb6\salesinventorysystem\SalesInventorySystem\Backup\SalesInventorySystem\frmLoadStaff.resx">
</Event><Event ErrorLevel="0" Project="SalesInventorySystem" Source="SalesInventorySystem\frmLogin.resx" Description="File successfully backed up as C:\Users\isuru\Desktop\New folder (2)\vb6\salesinventorysystem\SalesInventorySystem\Backup\SalesInventorySystem\frmLogin.resx">
</Event><Event ErrorLevel="0" Project="SalesInventorySystem" Source="SalesInventorySystem\frmMain.resx" Description="File successfully backed up as C:\Users\isuru\Desktop\New folder (2)\vb6\salesinventorysystem\SalesInventorySystem\Backup\SalesInventorySystem\frmMain.resx">
</Event><Event ErrorLevel="0" Project="SalesInventorySystem" Source="SalesInventorySystem\frmPayment.resx" Description="File successfully backed up as C:\Users\isuru\Desktop\New folder (2)\vb6\salesinventorysystem\SalesInventorySystem\Backup\SalesInventorySystem\frmPayment.resx">
</Event><Event ErrorLevel="0" Project="SalesInventorySystem" Source="SalesInventorySystem\frmPOS.resx" Description="File successfully backed up as C:\Users\isuru\Desktop\New folder (2)\vb6\salesinventorysystem\SalesInventorySystem\Backup\SalesInventorySystem\frmPOS.resx">
</Event><Event ErrorLevel="0" Project="SalesInventorySystem" Source="SalesInventorySystem\frmPrintAvailableStocks.resx" Description="File successfully backed up as C:\Users\isuru\Desktop\New folder (2)\vb6\salesinventorysystem\SalesInventorySystem\Backup\SalesInventorySystem\frmPrintAvailableStocks.resx">
</Event><Event ErrorLevel="0" Project="SalesInventorySystem" Source="SalesInventorySystem\frmPrintReceipt.resx" Description="File successfully backed up as C:\Users\isuru\Desktop\New folder (2)\vb6\salesinventorysystem\SalesInventorySystem\Backup\SalesInventorySystem\frmPrintReceipt.resx">
</Event><Event ErrorLevel="0" Project="SalesInventorySystem" Source="SalesInventorySystem\frmReportSoldItems.resx" Description="File successfully backed up as C:\Users\isuru\Desktop\New folder (2)\vb6\salesinventorysystem\SalesInventorySystem\Backup\SalesInventorySystem\frmReportSoldItems.resx">
</Event><Event ErrorLevel="0" Project="SalesInventorySystem" Source="SalesInventorySystem\frmReportSoldItemsPrint.resx" Description="File successfully backed up as C:\Users\isuru\Desktop\New folder (2)\vb6\salesinventorysystem\SalesInventorySystem\Backup\SalesInventorySystem\frmReportSoldItemsPrint.resx">
</Event><Event ErrorLevel="0" Project="SalesInventorySystem" Source="SalesInventorySystem\frmReportStocksIn.resx" Description="File successfully backed up as C:\Users\isuru\Desktop\New folder (2)\vb6\salesinventorysystem\SalesInventorySystem\Backup\SalesInventorySystem\frmReportStocksIn.resx">
</Event><Event ErrorLevel="0" Project="SalesInventorySystem" Source="SalesInventorySystem\frmReportStocksInPrint.resx" Description="File successfully backed up as C:\Users\isuru\Desktop\New folder (2)\vb6\salesinventorysystem\SalesInventorySystem\Backup\SalesInventorySystem\frmReportStocksInPrint.resx">
</Event><Event ErrorLevel="0" Project="SalesInventorySystem" Source="SalesInventorySystem\frmSoldItems.resx" Description="File successfully backed up as C:\Users\isuru\Desktop\New folder (2)\vb6\salesinventorysystem\SalesInventorySystem\Backup\SalesInventorySystem\frmSoldItems.resx">
</Event><Event ErrorLevel="0" Project="SalesInventorySystem" Source="SalesInventorySystem\frmStaff.resx" Description="File successfully backed up as C:\Users\isuru\Desktop\New folder (2)\vb6\salesinventorysystem\SalesInventorySystem\Backup\SalesInventorySystem\frmStaff.resx">
</Event><Event ErrorLevel="0" Project="SalesInventorySystem" Source="SalesInventorySystem\frmUsers.resx" Description="File successfully backed up as C:\Users\isuru\Desktop\New folder (2)\vb6\salesinventorysystem\SalesInventorySystem\Backup\SalesInventorySystem\frmUsers.resx">
</Event><Event ErrorLevel="0" Project="SalesInventorySystem" Source="SalesInventorySystem\My Project\Resources.resx" Description="File successfully backed up as C:\Users\isuru\Desktop\New folder (2)\vb6\salesinventorysystem\SalesInventorySystem\Backup\SalesInventorySystem\My Project\Resources.resx">
</Event><Event ErrorLevel="0" Project="SalesInventorySystem" Source="SalesInventorySystem\SalesInventorySystem.vbproj" Description="Project converted successfully">
</Event><Event ErrorLevel="3" Project="SalesInventorySystem" Source="SalesInventorySystem\SalesInventorySystem.vbproj" Description="Converted">
</Event><Event ErrorLevel="0" Project="" Source="SalesInventorySystem.sln" Description="Solution converted successfully">
</Event><Event ErrorLevel="3" Project="" Source="SalesInventorySystem.sln" Description="Converted">
</Event><Event ErrorLevel="0" Project="SalesInventorySystem" Source="SalesInventorySystem\SalesInventorySystem.vbproj" Description="Scan complete: Upgrade not required for project files.">
</Event></UpgradeLog>